1,118-8816-4816,115000,1,2024-01-18 22:49,choihaeun456,nb_19,나이스
2,499-3145-1794,21000,1,2024-01-03 5:34,choiseowoo789,nb_4,길벗
3,496-8313-4846,600000,1,2024-01-26 13:42,hwangseoah123,nb_52,위니아
4,393-8890-6519,350000,1,2024-01-16 3:44,junghajin890,nb_51,삼성전자
5,989-4024-3564,13800,1,2024-01-25 10:04,jungjiho567,nb_6,열린책들
6,897-7580-1220,128400,1,2024-01-14 11:16,kangjia901,nb_28,Bosch
7,604-1325-7579,17700,1,2024-01-23 13:30,kangsoyul678,nb_2,길벗
8,326-6430-8907,39600,1,2024-01-03 13:08,kimminjun123,nb_48,농심
9,667-9801-5998,45000,1,2024-01-19 8:49,kimtaewoo456,nb_31,모던홈
10,401-4344-4672,800000,1,2024-01-04 7:24,kwonhayul345,nb_33,모던홈
11,440-9325-8184,13800,1,2024-01-14 4:52,leejian567,nb_6,열린책들
12,338-3064-9348,22000,1,2024-01-05 6:54,leeseoyeon234,nb_8,열린책들
13,589-3176-5724,128400,1,2024-01-25 20:17,limyuna890,nb_28,Bosch
14,552-1199-3545,150000,1,2024-01-01 1:31,nohjunhyuk012,nb_37,모던홈
15,832-8847-7656,43900,1,2024-01-23 22:21,ohsiwoo234,nb_46,농협
16,857-7882-7770,22000,1,2024-01-26 1:12,parkdoyun345,nb_9,열린책들
17,247-2596-5623,700000,1,2024-01-31 21:47,parkyejun678,nb_50,삼성전자
18,354-2077-6032,700000,1,2024-01-28 5:27,sonminseo901,nb_50,삼성전자
19,834-2467-5017,39500,1,2024-01-15 5:35,yoondoyun012,nb_45,(주)횡성명품한우유통사업단
20,996-1567-2673,21000,1,2024-01-30 18:22,yoonhajun789,nb_4,길벗
21,118-8816-4816,800000,1,2024-01-21 16:39,choihaeun456,nb_33,모던홈
22,499-3145-1794,26000,1,2024-01-28 16:35,choiseowoo789,nb_43,롯데칠성음료
23,496-8313-4846,28000,1,2024-01-22 9:38,hwangseoah123,nb_42,도드람양돈협동조합
24,393-8890-6519,36000,1,2024-01-04 20:15,junghajin890,nb_25,Bosch
25,989-4024-3564,419000,1,2024-01-07 1:59,jungjiho567,nb_57,알파스캔
26,897-7580-1220,700000,1,2024-01-25 7:51,kangjia901,nb_36,모던홈
27,604-1325-7579,39600,1,2024-01-21 15:21,kangsoyul678,nb_48,농심
28,326-6430-8907,75000,1,2024-01-06 19:09,kimminjun123,nb_34,모던홈
29,667-9801-5998,300000,1,2024-01-04 18:05,kimtaewoo456,nb_56,위니아
30,401-4344-4672,1100000,1,2024-01-04 4:14,kwonhayul345,nb_38,모던홈
31,440-9325-8184,128400,1,2024-01-24 11:37,leejian567,nb_28,Bosch
32,338-3064-9348,39500,1,2024-01-09 15:01,leeseoyeon234,nb_45,(주)횡성명품한우유통사업단
33,589-3176-5724,28000,1,2024-01-29 18:59,limyuna890,nb_42,도드람양돈협동조합
34,552-1199-3545,185780,1,2024-01-14 9:31,nohjunhyuk012,nb_29,Bosch
35,832-8847-7656,128400,1,2024-01-04 16:35,ohsiwoo234,nb_28,Bosch
36,857-7882-7770,120000,1,2024-01-30 22:39,parkdoyun345,nb_32,모던홈
37,247-2596-5623,14400,1,2024-01-03 17:05,parkyejun678,nb_40,팔도
38,354-2077-6032,22000,1,2024-01-24 21:26,sonminseo901,nb_8,열린책들
39,834-2467-5017,45000,1,2024-01-26 5:17,yoondoyun012,nb_31,모던홈
40,996-1567-2673,51600,1,2024-01-26 7:47,yoonhajun789,nb_41,(주)동원엔터프라이즈
41,118-8816-4816,22000,1,2024-01-06 6:54,choihaeun456,nb_8,열린책들
42,499-3145-1794,13800,1,2024-01-19 12:47,choiseowoo789,nb_6,열린책들
43,496-8313-4846,2690000,1,2024-01-12 7:53,hwangseoah123,nb_59,LG전자
44,393-8890-6519,22000,1,2024-01-23 3:54,junghajin890,nb_8,열린책들
45,989-4024-3564,199000,1,2024-01-26 5:20,jungjiho567,nb_26,Bosch
46,897-7580-1220,13800,1,2024-01-17 9:44,kangjia901,nb_7,열린책들
47,604-1325-7579,43900,1,2024-01-27 10:45,kangsoyul678,nb_46,농협
48,326-6430-8907,115000,1,2024-01-17 15:17,kimminjun123,nb_19,나이스
49,667-9801-5998,200000,1,2024-01-18 8:24,kimtaewoo456,nb_11,아디오스
50,401-4344-4672,29000,1,2024-01-07 23:19,kwonhayul345,nb_1,길벗
51,440-9325-8184,142800,1,2024-02-06 1:57,leejian567,nb_27,Bosch
52,338-3064-9348,419000,1,2024-02-02 5:11,leeseoyeon234,nb_57,알파스캔
53,589-3176-5724,139000,1,2024-02-26 23:00,limyuna890,nb_12,아디오스
54,552-1199-3545,39600,1,2024-02-03 13:36,nohjunhyuk012,nb_48,농심
55,832-8847-7656,400000,1,2024-02-27 0:10,ohsiwoo234,nb_13,노스페이스
56,857-7882-7770,31500,1,2024-02-15 5:13,parkdoyun345,nb_16,디스이즈네버댓
57,247-2596-5623,800000,1,2024-02-09 21:14,parkyejun678,nb_33,모던홈
58,354-2077-6032,700000,1,2024-02-26 21:03,sonminseo901,nb_50,삼성전자
59,834-2467-5017,1100000,1,2024-02-15 17:11,yoondoyun012,nb_38,모던홈
60,996-1567-2673,45000,1,2024-02-23 13:03,yoonhajun789,nb_31,모던홈
61,118-8816-4816,648000,1,2024-02-18 10:49,choihaeun456,nb_58,엠지텍
62,499-3145-1794,142800,1,2024-02-20 6:45,choiseowoo789,nb_27,Bosch
63,496-8313-4846,200000,1,2024-02-28 4:41,hwangseoah123,nb_11,아디오스
64,393-8890-6519,36000,1,2024-02-23 0:52,junghajin890,nb_25,Bosch
65,989-4024-3564,128400,1,2024-02-03 9:36,jungjiho567,nb_28,Bosch
66,897-7580-1220,31500,1,2024-02-23 4:05,kangjia901,nb_16,디스이즈네버댓
67,604-1325-7579,648000,1,2024-02-21 12:58,kangsoyul678,nb_58,엠지텍
68,326-6430-8907,1610000,1,2024-02-26 3:35,kimminjun123,nb_18,아구찜
69,667-9801-5998,239000,1,2024-02-19 23:37,kimtaewoo456,nb_20,나이스
70,401-4344-4672,115000,1,2024-02-15 10:34,kwonhayul345,nb_19,나이스
71,440-9325-8184,200000,1,2024-02-14 22:16,leejian567,nb_11,아디오스
72,338-3064-9348,14900,1,2024-02-27 13:54,leeseoyeon234,nb_47,(주)해맑음푸드
73,589-3176-5724,43900,1,2024-02-28 12:27,limyuna890,nb_46,농협
74,552-1199-3545,200000,1,2024-02-26 23:13,nohjunhyuk012,nb_11,아디오스
75,832-8847-7656,31500,1,2024-02-27 12:51,ohsiwoo234,nb_16,디스이즈네버댓
76,857-7882-7770,39600,1,2024-02-16 11:13,parkdoyun345,nb_48,농심
77,247-2596-5623,28000,1,2024-02-26 10:44,parkyejun678,nb_42,도드람양돈협동조합
78,354-2077-6032,194200,1,2024-02-28 7:57,sonminseo901,nb_23,Bosch
79,834-2467-5017,118300,1,2024-02-26 19:12,yoondoyun012,nb_15,디스이즈네버댓
80,996-1567-2673,700000,1,2024-02-04 14:40,yoonhajun789,nb_36,모던홈
81,118-8816-4816,118300,1,2024-02-20 18:43,choihaeun456,nb_15,디스이즈네버댓
82,499-3145-1794,240000,1,2024-02-13 22:30,choiseowoo789,nb_53,캐리어
83,496-8313-4846,45000,1,2024-02-22 17:09,hwangseoah123,nb_31,모던홈
84,393-8890-6519,12800,1,2024-02-29 2:08,junghajin890,nb_10,열린책들
85,989-4024-3564,31500,1,2024-02-19 17:54,jungjiho567,nb_16,디스이즈네버댓
86,897-7580-1220,39500,1,2024-02-08 4:44,kangjia901,nb_45,(주)횡성명품한우유통사업단
87,604-1325-7579,400000,1,2024-02-07 22:23,kangsoyul678,nb_13,노스페이스
88,326-6430-8907,4900000,1,2024-02-28 10:18,kimminjun123,nb_17,아구찜
89,667-9801-5998,26000,1,2024-02-10 8:40,kimtaewoo456,nb_43,롯데칠성음료
90,401-4344-4672,69000,1,2024-02-25 19:29,kwonhayul345,nb_39,모던홈
91,440-9325-8184,300000,1,2024-02-06 17:56,leejian567,nb_56,위니아
92,338-3064-9348,120000,1,2024-02-06 4:28,leeseoyeon234,nb_32,모던홈
93,589-3176-5724,14400,1,2024-02-17 23:25,limyuna890,nb_40,팔도
94,552-1199-3545,194200,1,2024-02-29 11:24,nohjunhyuk012,nb_23,Bosch
95,832-8847-7656,700000,1,2024-02-15 3:50,ohsiwoo234,nb_36,모던홈
96,857-7882-7770,75000,1,2024-02-28 2:45,parkdoyun345,nb_34,모던홈
97,247-2596-5623,600000,1,2024-02-05 1:50,parkyejun678,nb_52,위니아
98,354-2077-6032,118300,1,2024-02-09 15:29,sonminseo901,nb_15,디스이즈네버댓
99,834-2467-5017,118300,1,2024-02-19 2:06,yoondoyun012,nb_15,디스이즈네버댓
100,996-1567-2673,26000,1,2024-02-04 12:32,yoonhajun789,nb_43,롯데칠성음료
101,118-8816-4816,31500,1,2024-02-29 12:06,choihaeun456,nb_16,디스이즈네버댓
102,499-3145-1794,115000,1,2024-02-15 4:41,choiseowoo789,nb_19,나이스
103,496-8313-4846,700000,1,2024-02-03 0:45,hwangseoah123,nb_50,삼성전자
104,393-8890-6519,13800,1,2024-02-01 14:29,junghajin890,nb_7,열린책들
105,989-4024-3564,530000,1,2024-02-16 16:12,jungjiho567,nb_55,소니코리아(주)
106,897-7580-1220,98270,1,2024-02-05 23:35,kangjia901,nb_21,Bosch
107,604-1325-7579,2690000,1,2024-02-16 18:59,kangsoyul678,nb_59,LG전자
108,326-6430-8907,700000,1,2024-02-04 7:56,kimminjun123,nb_36,모던홈
109,667-9801-5998,300000,1,2024-02-03 4:13,kimtaewoo456,nb_56,위니아
110,401-4344-4672,200000,1,2024-02-05 11:27,kwonhayul345,nb_11,아디오스
111,440-9325-8184,700000,1,2024-02-01 10:25,leejian567,nb_50,삼성전자
112,338-3064-9348,800000,1,2024-02-26 9:40,leeseoyeon234,nb_33,모던홈
113,589-3176-5724,7800,1,2024-02-05 8:48,limyuna890,nb_49,풀무원
114,552-1199-3545,14400,1,2024-02-22 22:00,nohjunhyuk012,nb_40,팔도
115,832-8847-7656,150000,1,2024-02-24 21:37,ohsiwoo234,nb_35,모던홈
116,857-7882-7770,648000,1,2024-02-09 20:10,parkdoyun345,nb_58,엠지텍
117,247-2596-5623,1100000,1,2024-02-23 20:55,parkyejun678,nb_38,모던홈
118,354-2077-6032,115000,1,2024-02-20 0:34,sonminseo901,nb_19,나이스
119,834-2467-5017,120000,1,2024-02-26 5:47,yoondoyun012,nb_32,모던홈
120,996-1567-2673,139000,1,2024-02-02 9:00,yoonhajun789,nb_12,아디오스
121,118-8816-4816,700000,1,2024-02-29 23:14,choihaeun456,nb_50,삼성전자
122,499-3145-1794,22000,1,2024-02-19 17:29,choiseowoo789,nb_8,열린책들
123,496-8313-4846,36000,1,2024-02-14 22:46,hwangseoah123,nb_25,Bosch
124,393-8890-6519,115000,1,2024-02-12 5:50,junghajin890,nb_19,나이스
125,989-4024-3564,31500,1,2024-02-06 22:07,jungjiho567,nb_16,디스이즈네버댓
126,897-7580-1220,800000,1,2024-02-21 15:58,kangjia901,nb_33,모던홈
127,604-1325-7579,75000,1,2024-02-02 13:59,kangsoyul678,nb_34,모던홈
128,326-6430-8907,150000,1,2024-02-28 5:45,kimminjun123,nb_35,모던홈
129,667-9801-5998,26000,1,2024-02-19 3:51,kimtaewoo456,nb_43,롯데칠성음료
130,401-4344-4672,1610000,1,2024-02-18 0:09,kwonhayul345,nb_18,아구찜
131,440-9325-8184,69000,1,2024-02-06 21:00,leejian567,nb_39,모던홈
132,338-3064-9348,648000,1,2024-02-20 11:48,leeseoyeon234,nb_58,엠지텍
133,589-3176-5724,200000,1,2024-02-07 20:43,limyuna890,nb_11,아디오스
134,552-1199-3545,45000,1,2024-02-24 0:57,nohjunhyuk012,nb_31,모던홈
135,832-8847-7656,14400,1,2024-02-04 15:10,ohsiwoo234,nb_40,팔도
136,857-7882-7770,115000,1,2024-02-13 10:02,parkdoyun345,nb_19,나이스
137,247-2596-5623,419000,1,2024-02-16 6:52,parkyejun678,nb_57,알파스캔
138,354-2077-6032,43900,1,2024-02-07 9:38,sonminseo901,nb_46,농협
139,834-2467-5017,239000,1,2024-02-11 8:04,yoondoyun012,nb_20,나이스
140,996-1567-2673,14400,1,2024-02-06 6:01,yoonhajun789,nb_40,팔도
141,118-8816-4816,700000,1,2024-02-12 11:14,choihaeun456,nb_36,모던홈
142,499-3145-1794,134000,1,2024-02-12 17:38,choiseowoo789,nb_22,Bosch
143,496-8313-4846,43900,1,2024-02-22 10:22,hwangseoah123,nb_46,농협
144,393-8890-6519,934410,1,2024-02-24 14:47,junghajin890,nb_30,Bosch
145,989-4024-3564,350000,1,2024-02-02 21:35,jungjiho567,nb_51,삼성전자
146,897-7580-1220,2690000,1,2024-02-19 14:50,kangjia901,nb_59,LG전자
147,604-1325-7579,7800,1,2024-02-21 18:49,kangsoyul678,nb_49,풀무원
148,326-6430-8907,31500,1,2024-02-10 5:57,kimminjun123,nb_16,디스이즈네버댓
149,667-9801-5998,24000,1,2024-02-21 15:23,kimtaewoo456,nb_3,길벗
150,401-4344-4672,39500,1,2024-02-26 21:13,kwonhayul345,nb_45,(주)횡성명품한우유통사업단
151,118-8816-4816,22000,2,2024-03-29 11:10,choihaeun456,nb_8,열린책들
152,499-3145-1794,7800,2,2024-03-03 13:48,choiseowoo789,nb_49,풀무원
153,496-8313-4846,400000,2,2024-03-26 10:53,hwangseoah123,nb_13,노스페이스
154,393-8890-6519,31500,1,2024-03-14 14:34,junghajin890,nb_16,디스이즈네버댓
155,989-4024-3564,118300,1,2024-03-07 14:55,jungjiho567,nb_15,디스이즈네버댓
156,897-7580-1220,800000,1,2024-03-18 5:36,kangjia901,nb_33,모던홈
157,604-1325-7579,958000,2,2024-03-26 0:55,kangsoyul678,nb_54,삼성전자
158,326-6430-8907,22000,2,2024-03-26 11:08,kimminjun123,nb_9,열린책들
159,667-9801-5998,1610000,2,2024-03-01 0:34,kimtaewoo456,nb_18,아구찜
160,401-4344-4672,700000,2,2024-03-30 15:50,kwonhayul345,nb_50,삼성전자
161,440-9325-8184,239000,1,2024-03-13 2:21,leejian567,nb_20,나이스
162,338-3064-9348,200000,1,2024-03-30 2:14,leeseoyeon234,nb_11,아디오스
163,589-3176-5724,134000,2,2024-03-13 8:11,limyuna890,nb_22,Bosch
164,552-1199-3545,39600,2,2024-03-06 21:53,nohjunhyuk012,nb_48,농심
165,832-8847-7656,128400,1,2024-03-30 20:00,ohsiwoo234,nb_28,Bosch
166,857-7882-7770,150000,1,2024-03-31 10:20,parkdoyun345,nb_37,모던홈
167,247-2596-5623,24000,2,2024-03-10 21:04,parkyejun678,nb_3,길벗
168,354-2077-6032,2690000,1,2024-03-16 7:47,sonminseo901,nb_59,LG전자
169,834-2467-5017,28000,2,2024-03-20 12:13,yoondoyun012,nb_44,(주)해맑음푸드
170,996-1567-2673,69000,1,2024-03-28 12:39,yoonhajun789,nb_39,모던홈
171,118-8816-4816,31500,1,2024-03-29 0:06,choihaeun456,nb_16,디스이즈네버댓
172,499-3145-1794,700000,1,2024-03-08 12:48,choiseowoo789,nb_50,삼성전자
173,496-8313-4846,12800,2,2024-03-02 20:05,hwangseoah123,nb_10,열린책들
174,393-8890-6519,150000,2,2024-03-26 10:42,junghajin890,nb_37,모던홈
175,989-4024-3564,185780,1,2024-03-12 18:20,jungjiho567,nb_29,Bosch
176,897-7580-1220,150000,2,2024-03-03 10:28,kangjia901,nb_35,모던홈
177,604-1325-7579,12800,2,2024-03-03 3:02,kangsoyul678,nb_10,열린책들
178,326-6430-8907,29800,2,2024-03-07 13:36,kimminjun123,nb_5,길벗
179,667-9801-5998,21000,1,2024-03-12 12:40,kimtaewoo456,nb_4,길벗
180,401-4344-4672,28000,2,2024-03-27 7:44,kwonhayul345,nb_44,(주)해맑음푸드
181,440-9325-8184,1610000,1,2024-03-19 6:00,leejian567,nb_18,아구찜
182,338-3064-9348,2690000,2,2024-03-21 3:27,leeseoyeon234,nb_59,LG전자
183,589-3176-5724,12800,2,2024-03-03 14:15,limyuna890,nb_10,열린책들
184,552-1199-3545,39600,2,2024-03-04 19:14,nohjunhyuk012,nb_48,농심
185,832-8847-7656,700000,2,2024-03-09 23:50,ohsiwoo234,nb_50,삼성전자
186,857-7882-7770,134000,2,2024-03-03 21:12,parkdoyun345,nb_22,Bosch
187,247-2596-5623,134000,1,2024-03-21 9:53,parkyejun678,nb_22,Bosch
188,354-2077-6032,700000,1,2024-03-16 16:18,sonminseo901,nb_50,삼성전자
189,834-2467-5017,26000,1,2024-03-07 11:40,yoondoyun012,nb_43,롯데칠성음료
190,996-1567-2673,13800,2,2024-03-27 16:55,yoonhajun789,nb_7,열린책들
191,118-8816-4816,13800,2,2024-03-15 7:34,choihaeun456,nb_7,열린책들
192,499-3145-1794,26000,2,2024-03-25 0:53,choiseowoo789,nb_43,롯데칠성음료
193,496-8313-4846,200000,2,2024-03-12 3:36,hwangseoah123,nb_11,아디오스
194,393-8890-6519,142800,1,2024-03-04 22:57,junghajin890,nb_27,Bosch
195,989-4024-3564,22000,2,2024-03-29 2:15,jungjiho567,nb_8,열린책들
196,897-7580-1220,300000,2,2024-03-11 20:54,kangjia901,nb_56,위니아
197,604-1325-7579,31500,1,2024-03-10 2:22,kangsoyul678,nb_16,디스이즈네버댓
198,326-6430-8907,17700,1,2024-03-14 20:31,kimminjun123,nb_2,길벗
199,667-9801-5998,22000,1,2024-03-31 18:06,kimtaewoo456,nb_8,열린책들
200,401-4344-4672,29800,2,2024-03-17 0:09,kwonhayul345,nb_5,길벗
201,440-9325-8184,185780,1,2024-03-06 21:58,leejian567,nb_29,Bosch
202,338-3064-9348,17700,2,2024-03-25 19:05,leeseoyeon234,nb_2,길벗
203,589-3176-5724,185780,1,2024-03-22 14:55,limyuna890,nb_29,Bosch
204,552-1199-3545,648000,1,2024-03-29 5:42,nohjunhyuk012,nb_58,엠지텍
205,832-8847-7656,142800,1,2024-03-25 3:29,ohsiwoo234,nb_27,Bosch
206,857-7882-7770,142800,1,2024-03-26 6:45,parkdoyun345,nb_27,Bosch
207,247-2596-5623,115000,2,2024-03-14 21:09,parkyejun678,nb_19,나이스
208,354-2077-6032,22000,1,2024-03-12 9:08,sonminseo901,nb_9,열린책들
209,834-2467-5017,400000,2,2024-03-06 10:57,yoondoyun012,nb_13,노스페이스
210,996-1567-2673,14900,2,2024-03-10 16:37,yoonhajun789,nb_47,(주)해맑음푸드
211,118-8816-4816,13800,1,2024-03-13 1:31,choihaeun456,nb_7,열린책들
212,499-3145-1794,75000,2,2024-03-04 5:30,choiseowoo789,nb_34,모던홈
213,496-8313-4846,75000,1,2024-03-04 11:14,hwangseoah123,nb_34,모던홈
214,393-8890-6519,419000,1,2024-03-03 8:42,junghajin890,nb_57,알파스캔
215,989-4024-3564,350000,1,2024-03-18 13:09,jungjiho567,nb_51,삼성전자
216,897-7580-1220,43900,1,2024-03-31 12:20,kangjia901,nb_46,농협
217,604-1325-7579,4900000,2,2024-03-07 6:01,kangsoyul678,nb_17,아구찜
218,326-6430-8907,24000,2,2024-03-19 17:54,kimminjun123,nb_3,길벗
219,667-9801-5998,22000,1,2024-03-25 19:10,kimtaewoo456,nb_9,열린책들
220,401-4344-4672,43900,2,2024-03-02 12:48,kwonhayul345,nb_46,농협
221,440-9325-8184,419000,1,2024-03-23 22:49,leejian567,nb_57,알파스캔
222,338-3064-9348,139000,2,2024-03-13 12:00,leeseoyeon234,nb_12,아디오스
223,589-3176-5724,22000,2,2024-03-23 16:48,limyuna890,nb_9,열린책들
224,552-1199-3545,39500,2,2024-03-15 5:52,nohjunhyuk012,nb_45,(주)횡성명품한우유통사업단
225,832-8847-7656,13800,2,2024-03-26 20:13,ohsiwoo234,nb_6,열린책들
226,857-7882-7770,22000,1,2024-03-08 21:05,parkdoyun345,nb_8,열린책들
227,247-2596-5623,200000,1,2024-03-12 17:41,parkyejun678,nb_11,아디오스
228,354-2077-6032,700000,2,2024-03-09 11:38,sonminseo901,nb_36,모던홈
229,834-2467-5017,150000,1,2024-03-03 1:51,yoondoyun012,nb_35,모던홈
230,996-1567-2673,31500,2,2024-03-22 13:37,yoonhajun789,nb_16,디스이즈네버댓
231,118-8816-4816,28000,2,2024-03-05 22:26,choihaeun456,nb_42,도드람양돈협동조합
232,499-3145-1794,13800,2,2024-03-22 17:14,choiseowoo789,nb_7,열린책들
233,496-8313-4846,139000,1,2024-03-25 3:59,hwangseoah123,nb_12,아디오스
234,393-8890-6519,118300,1,2024-03-31 12:04,junghajin890,nb_15,디스이즈네버댓
235,989-4024-3564,134000,2,2024-03-14 7:27,jungjiho567,nb_22,Bosch
236,897-7580-1220,62300,1,2024-03-09 1:09,kangjia901,nb_14,노스페이스
237,604-1325-7579,62300,2,2024-03-10 19:11,kangsoyul678,nb_14,노스페이스
238,326-6430-8907,24000,2,2024-03-21 8:22,kimminjun123,nb_3,길벗
239,667-9801-5998,29000,2,2024-03-27 21:03,kimtaewoo456,nb_1,길벗
240,401-4344-4672,24000,1,2024-03-11 18:41,kwonhayul345,nb_3,길벗
241,440-9325-8184,134000,1,2024-03-26 19:44,leejian567,nb_22,Bosch
242,338-3064-9348,7800,1,2024-03-11 18:58,leeseoyeon234,nb_49,풀무원
243,589-3176-5724,13800,1,2024-03-14 18:07,limyuna890,nb_7,열린책들
244,552-1199-3545,28000,2,2024-03-20 11:57,nohjunhyuk012,nb_44,(주)해맑음푸드
245,832-8847-7656,21000,2,2024-03-24 21:06,ohsiwoo234,nb_4,길벗
246,857-7882-7770,118300,1,2024-03-01 20:05,parkdoyun345,nb_15,디스이즈네버댓
247,247-2596-5623,69000,1,2024-03-20 2:37,parkyejun678,nb_39,모던홈
248,354-2077-6032,24000,2,2024-03-28 23:01,sonminseo901,nb_3,길벗
249,834-2467-5017,1610000,1,2024-03-03 20:00,yoondoyun012,nb_18,아구찜
250,996-1567-2673,240000,2,2024-03-18 1:04,yoonhajun789,nb_53,캐리어
251,118-8816-4816,62300,2,2024-04-29 12:07,choihaeun456,nb_14,노스페이스
252,499-3145-1794,51600,2,2024-04-16 13:29,choiseowoo789,nb_41,(주)동원엔터프라이즈
253,496-8313-4846,400000,1,2024-04-06 16:04,hwangseoah123,nb_13,노스페이스
254,393-8890-6519,142800,2,2024-04-23 23:12,junghajin890,nb_27,Bosch
255,989-4024-3564,14400,3,2024-04-07 16:48,jungjiho567,nb_40,팔도
256,897-7580-1220,118300,1,2024-04-08 6:06,kangjia901,nb_15,디스이즈네버댓
257,604-1325-7579,4900000,2,2024-04-20 1:58,kangsoyul678,nb_17,아구찜
258,326-6430-8907,43900,1,2024-04-21 4:49,kimminjun123,nb_46,농협
259,667-9801-5998,419000,1,2024-04-03 19:54,kimtaewoo456,nb_57,알파스캔
260,401-4344-4672,75000,2,2024-04-14 5:29,kwonhayul345,nb_34,모던홈
261,440-9325-8184,142800,2,2024-04-20 0:08,leejian567,nb_27,Bosch
262,338-3064-9348,69000,3,2024-04-06 20:51,leeseoyeon234,nb_39,모던홈
263,589-3176-5724,200000,2,2024-04-08 14:48,limyuna890,nb_11,아디오스
264,552-1199-3545,14400,1,2024-04-28 8:21,nohjunhyuk012,nb_40,팔도
265,832-8847-7656,43900,3,2024-04-26 2:29,ohsiwoo234,nb_46,농협
266,857-7882-7770,239000,2,2024-04-27 1:51,parkdoyun345,nb_20,나이스
267,247-2596-5623,39600,1,2024-04-09 2:14,parkyejun678,nb_48,농심
268,354-2077-6032,75000,1,2024-04-14 0:34,sonminseo901,nb_34,모던홈
269,834-2467-5017,419000,2,2024-04-21 2:14,yoondoyun012,nb_57,알파스캔
270,996-1567-2673,17700,1,2024-04-21 4:32,yoonhajun789,nb_2,길벗
271,118-8816-4816,118300,2,2024-04-10 21:48,choihaeun456,nb_15,디스이즈네버댓
272,499-3145-1794,24000,2,2024-04-07 15:35,choiseowoo789,nb_3,길벗
273,496-8313-4846,75000,2,2024-04-21 3:11,hwangseoah123,nb_34,모던홈
274,393-8890-6519,118300,2,2024-04-03 5:46,junghajin890,nb_15,디스이즈네버댓
275,989-4024-3564,98270,2,2024-04-24 12:06,jungjiho567,nb_21,Bosch
276,897-7580-1220,240000,2,2024-04-25 13:26,kangjia901,nb_53,캐리어
277,604-1325-7579,400000,1,2024-04-26 11:49,kangsoyul678,nb_13,노스페이스
278,326-6430-8907,13800,3,2024-04-16 6:52,kimminjun123,nb_7,열린책들
279,667-9801-5998,24000,2,2024-04-12 4:06,kimtaewoo456,nb_3,길벗
280,401-4344-4672,7800,2,2024-04-14 16:02,kwonhayul345,nb_49,풀무원
281,440-9325-8184,115000,1,2024-04-25 9:25,leejian567,nb_19,나이스
282,338-3064-9348,24000,3,2024-04-08 7:04,leeseoyeon234,nb_3,길벗
283,589-3176-5724,150000,1,2024-04-29 13:40,limyuna890,nb_37,모던홈
284,552-1199-3545,240000,2,2024-04-12 23:40,nohjunhyuk012,nb_53,캐리어
285,832-8847-7656,700000,2,2024-04-05 2:41,ohsiwoo234,nb_36,모던홈
286,857-7882-7770,29800,2,2024-04-22 22:15,parkdoyun345,nb_5,길벗
287,247-2596-5623,12800,3,2024-04-18 2:03,parkyejun678,nb_10,열린책들
288,354-2077-6032,958000,2,2024-04-29 3:30,sonminseo901,nb_54,삼성전자
289,834-2467-5017,1610000,3,2024-04-12 4:48,yoondoyun012,nb_18,아구찜
290,996-1567-2673,14900,2,2024-04-14 13:16,yoonhajun789,nb_47,(주)해맑음푸드
291,118-8816-4816,400000,3,2024-04-14 19:00,choihaeun456,nb_13,노스페이스
292,499-3145-1794,24000,1,2024-04-24 23:08,choiseowoo789,nb_3,길벗
293,496-8313-4846,29800,2,2024-04-15 9:00,hwangseoah123,nb_5,길벗
294,393-8890-6519,62300,2,2024-04-06 21:47,junghajin890,nb_14,노스페이스
295,989-4024-3564,4900000,2,2024-04-02 6:18,jungjiho567,nb_17,아구찜
296,897-7580-1220,28000,2,2024-04-27 14:33,kangjia901,nb_42,도드람양돈협동조합
297,604-1325-7579,22000,1,2024-04-02 22:09,kangsoyul678,nb_9,열린책들
298,326-6430-8907,1100000,3,2024-04-12 16:31,kimminjun123,nb_38,모던홈
299,667-9801-5998,350000,2,2024-04-03 5:55,kimtaewoo456,nb_51,삼성전자
300,401-4344-4672,239000,2,2024-04-15 20:59,kwonhayul345,nb_20,나이스
301,440-9325-8184,118300,2,2024-04-30 6:24,leejian567,nb_15,디스이즈네버댓
302,338-3064-9348,39600,2,2024-04-04 4:48,leeseoyeon234,nb_48,농심
303,589-3176-5724,26000,3,2024-04-07 10:48,limyuna890,nb_43,롯데칠성음료
304,552-1199-3545,24000,1,2024-04-09 11:15,nohjunhyuk012,nb_3,길벗
305,832-8847-7656,118300,1,2024-04-04 15:51,ohsiwoo234,nb_15,디스이즈네버댓
306,857-7882-7770,13800,2,2024-04-07 9:52,parkdoyun345,nb_6,열린책들
307,247-2596-5623,24000,2,2024-04-12 13:58,parkyejun678,nb_3,길벗
308,354-2077-6032,17700,2,2024-04-07 0:17,sonminseo901,nb_2,길벗
309,834-2467-5017,239000,3,2024-04-03 17:02,yoondoyun012,nb_20,나이스
310,996-1567-2673,28000,1,2024-04-16 15:59,yoonhajun789,nb_42,도드람양돈협동조합
311,118-8816-4816,52030,1,2024-04-01 10:14,choihaeun456,nb_24,Bosch
312,499-3145-1794,530000,2,2024-04-11 11:58,choiseowoo789,nb_55,소니코리아(주)
313,496-8313-4846,115000,1,2024-04-17 3:50,hwangseoah123,nb_19,나이스
314,393-8890-6519,240000,1,2024-04-03 12:41,junghajin890,nb_53,캐리어
315,989-4024-3564,239000,1,2024-04-22 8:22,jungjiho567,nb_20,나이스
316,897-7580-1220,62300,1,2024-04-19 1:06,kangjia901,nb_14,노스페이스
317,604-1325-7579,150000,3,2024-04-03 15:16,kangsoyul678,nb_37,모던홈
318,326-6430-8907,69000,2,2024-04-07 22:31,kimminjun123,nb_39,모던홈
319,667-9801-5998,128400,3,2024-04-03 9:26,kimtaewoo456,nb_28,Bosch
320,401-4344-4672,419000,3,2024-04-11 20:09,kwonhayul345,nb_57,알파스캔
321,440-9325-8184,28000,2,2024-04-04 4:26,leejian567,nb_44,(주)해맑음푸드
322,338-3064-9348,62300,2,2024-04-19 20:57,leeseoyeon234,nb_14,노스페이스
323,589-3176-5724,700000,3,2024-04-05 2:15,limyuna890,nb_50,삼성전자
324,552-1199-3545,1610000,1,2024-04-08 23:40,nohjunhyuk012,nb_18,아구찜
325,832-8847-7656,22000,3,2024-04-05 0:57,ohsiwoo234,nb_8,열린책들
326,857-7882-7770,26000,1,2024-04-11 3:16,parkdoyun345,nb_43,롯데칠성음료
327,247-2596-5623,600000,3,2024-04-22 11:44,parkyejun678,nb_52,위니아
328,354-2077-6032,239000,2,2024-04-16 9:19,sonminseo901,nb_20,나이스
329,834-2467-5017,39600,1,2024-04-04 18:52,yoondoyun012,nb_48,농심
330,996-1567-2673,43900,1,2024-04-21 8:23,yoonhajun789,nb_46,농협
331,118-8816-4816,22000,2,2024-04-16 6:32,choihaeun456,nb_8,열린책들
332,499-3145-1794,142800,1,2024-04-15 19:07,choiseowoo789,nb_27,Bosch
333,496-8313-4846,39600,3,2024-04-03 6:27,hwangseoah123,nb_48,농심
334,393-8890-6519,45000,1,2024-04-25 3:26,junghajin890,nb_31,모던홈
335,989-4024-3564,199000,2,2024-04-29 1:24,jungjiho567,nb_26,Bosch
336,897-7580-1220,22000,2,2024-04-19 23:05,kangjia901,nb_8,열린책들
337,604-1325-7579,43900,3,2024-04-04 6:16,kangsoyul678,nb_46,농협
338,326-6430-8907,530000,1,2024-04-26 8:08,kimminjun123,nb_55,소니코리아(주)
339,667-9801-5998,13800,1,2024-04-03 11:37,kimtaewoo456,nb_7,열린책들
340,401-4344-4672,12800,2,2024-04-02 17:50,kwonhayul345,nb_10,열린책들
341,440-9325-8184,700000,3,2024-04-19 21:24,leejian567,nb_36,모던홈
342,338-3064-9348,648000,2,2024-04-23 3:12,leeseoyeon234,nb_58,엠지텍
343,589-3176-5724,14400,3,2024-04-17 16:31,limyuna890,nb_40,팔도
344,552-1199-3545,700000,2,2024-04-14 6:16,nohjunhyuk012,nb_36,모던홈
345,832-8847-7656,14900,1,2024-04-09 16:04,ohsiwoo234,nb_47,(주)해맑음푸드
346,857-7882-7770,7800,3,2024-04-29 8:48,parkdoyun345,nb_49,풀무원
347,247-2596-5623,52030,1,2024-04-23 5:25,parkyejun678,nb_24,Bosch
348,354-2077-6032,400000,3,2024-04-30 5:38,sonminseo901,nb_13,노스페이스
349,834-2467-5017,142800,2,2024-04-17 12:35,yoondoyun012,nb_27,Bosch
350,996-1567-2673,39600,1,2024-04-13 19:53,yoonhajun789,nb_48,농심
